58125fdfa350511ab435d745|https://www.last.fm/music/Backstreet+Boys/_/Bigger|Bigger|Backstreet Boys|https://lastfm-img2.akamaized.net/i/u/34s/257f300760abbc3ac5c7f4bc8dabfb15.png
58125fdfa350511ab435d745|https://www.last.fm/music/Backstreet+Boys/_/As+Long+as+You+Love+Me|As Long as You Love Me|Backstreet Boys|https://lastfm-img2.akamaized.net/i/u/34s/257f300760abbc3ac5c7f4bc8dabfb15.png
58125fdfa350511ab435d745|https://www.last.fm/music/Backstreet+Boys/_/Show+Me+the+Meaning+of+Being+Lonely|Show Me the Meaning of Being Lonely|Backstreet Boys|https://lastfm-img2.akamaized.net/i/u/34s/257f300760abbc3ac5c7f4bc8dabfb15.png
58125fdfa350511ab435d745|https://www.last.fm/music/Backstreet+Boys/_/Shape+of+My+Heart|Shape of My Heart|Backstreet Boys|https://lastfm-img2.akamaized.net/i/u/34s/257f300760abbc3ac5c7f4bc8dabfb15.png
58125fdfa350511ab435d745|https://www.last.fm/music/Backstreet+Boys/_/More+Than+That|More Than That|Backstreet Boys|https://lastfm-img2.akamaized.net/i/u/34s/257f300760abbc3ac5c7f4bc8dabfb15.png
581a5c7f9a78a018d83b817b|https://www.last.fm/music/Linked+Horizon/_/Guren+no+Yumiya|Guren no Yumiya|Linked Horizon|https://lastfm-img2.akamaized.net/i/u/34s/a2d01ed26f57419ec1cf8501923c72d4.png
581a5c7f9a78a018d83b817b|https://www.last.fm/music/Takeuchi+Hiroaki/_/Dear+Night+Rainbow|Dear Night Rainbow|Takeuchi Hiroaki|https://lastfm-img2.akamaized.net/i/u/34s/150a1e09ff294cbd8dc1db7a251309ca.png
581a5c7f9a78a018d83b817b|https://www.last.fm/music/EXO-K/_/%EC%A4%91%EB%8F%85+(Overdose)|중독 (Overdose)|EXO-K|https://lastfm-img2.akamaized.net/i/u/34s/5a2b119ca1434452aa2f56cb4e729931.png
581a5c7f9a78a018d83b817b|https://www.last.fm/music/Backstreet+Boys/_/Bigger|Bigger|Backstreet Boys|https://lastfm-img2.akamaized.net/i/u/34s/257f300760abbc3ac5c7f4bc8dabfb15.png
581a5c7f9a78a018d83b817b|https://www.last.fm/music/Flow/_/Niji+no+Sora|Niji no Sora|Flow|https://lastfm-img2.akamaized.net/i/u/34s/9d7a92334cbc452f81599eb7909c6c66.png
581a5c7f9a78a018d83b817b|https://www.last.fm/music/Backstreet+Boys/_/Show+Me+the+Meaning+of+Being+Lonely|Show Me the Meaning of Being Lonely|Backstreet Boys|https://lastfm-img2.akamaized.net/i/u/34s/257f300760abbc3ac5c7f4bc8dabfb15.png
581a5c7f9a78a018d83b817b|https://www.last.fm/music/Linked+Horizon/_/Guren+no+Yumiya|Guren no Yumiya|Linked Horizon|https://lastfm-img2.akamaized.net/i/u/34s/a2d01ed26f57419ec1cf8501923c72d4.png
581a5c7f9a78a018d83b817b|https://www.last.fm/music/Takeuchi+Hiroaki/_/Dear+Night+Rainbow|Dear Night Rainbow|Takeuchi Hiroaki|https://lastfm-img2.akamaized.net/i/u/34s/150a1e09ff294cbd8dc1db7a251309ca.png
581a5c7f9a78a018d83b817b|https://www.last.fm/music/Backstreet+Boys/_/Shape+of+My+Heart|Shape of My Heart|Backstreet Boys|https://lastfm-img2.akamaized.net/i/u/34s/257f300760abbc3ac5c7f4bc8dabfb15.png
581a5c7f9a78a018d83b817b|https://www.last.fm/music/Backstreet+Boys/_/Shape+of+My+Heart|Shape of My Heart|Backstreet Boys|https://lastfm-img2.akamaized.net/i/u/34s/257f300760abbc3ac5c7f4bc8dabfb15.png
58432df63d79bb1ed490a209|https://www.last.fm/music/Pink+Floyd/_/Coming+Back+to+Life|Coming Back to Life|Pink Floyd|https://lastfm-img2.akamaized.net/i/u/34s/f593a8f17d3d4d65a9dc13f3f54a8068.png
58432df63d79bb1ed490a209|https://www.last.fm/music/Pink+Floyd/_/Coming+Back+to+Life|Coming Back to Life|Pink Floyd|https://lastfm-img2.akamaized.net/i/u/34s/f593a8f17d3d4d65a9dc13f3f54a8068.png
58432df63d79bb1ed490a209|https://www.last.fm/music/Pink+Floyd/_/Coming+Back+to+Life|Coming Back to Life|Pink Floyd|https://lastfm-img2.akamaized.net/i/u/34s/f593a8f17d3d4d65a9dc13f3f54a8068.png
58432df63d79bb1ed490a209|https://www.last.fm/music/Pink+Floyd/_/Coming+Back+to+Life|Coming Back to Life|Pink Floyd|https://lastfm-img2.akamaized.net/i/u/34s/f593a8f17d3d4d65a9dc13f3f54a8068.png
58432df63d79bb1ed490a209|https://www.last.fm/music/Pink+Floyd/_/High+Hopes|High Hopes|Pink Floyd|https://lastfm-img2.akamaized.net/i/u/34s/f593a8f17d3d4d65a9dc13f3f54a8068.png
58432df63d79bb1ed490a209|https://www.last.fm/music/Pink+Floyd/_/The+Great+Gig+in+the+Sky|The Great Gig in the Sky|Pink Floyd|https://lastfm-img2.akamaized.net/i/u/34s/f593a8f17d3d4d65a9dc13f3f54a8068.png
58432df63d79bb1ed490a209|https://www.last.fm/music/Pink+Floyd/_/High+Hopes|High Hopes|Pink Floyd|https://lastfm-img2.akamaized.net/i/u/34s/f593a8f17d3d4d65a9dc13f3f54a8068.png
58432df63d79bb1ed490a209|https://www.last.fm/music/Pink+Floyd/_/Coming+Back+to+Life|Coming Back to Life|Pink Floyd|https://lastfm-img2.akamaized.net/i/u/34s/f593a8f17d3d4d65a9dc13f3f54a8068.png
58432df63d79bb1ed490a209|https://www.last.fm/music/Linked+Horizon/_/Guren+no+Yumiya|Guren no Yumiya|Linked Horizon|https://lastfm-img2.akamaized.net/i/u/34s/a2d01ed26f57419ec1cf8501923c72d4.png
58125fdfa350511ab435d745|https://www.last.fm/music/Takeuchi+Hiroaki/_/Dear+Night+Rainbow|Dear Night Rainbow|Takeuchi Hiroaki|https://lastfm-img2.akamaized.net/i/u/34s/150a1e09ff294cbd8dc1db7a251309ca.png
581a5c7f9a78a018d83b817b|https://www.last.fm/music/Flow/_/Niji+no+Sora|Niji no Sora|Flow|https://lastfm-img2.akamaized.net/i/u/34s/9d7a92334cbc452f81599eb7909c6c66.png
581a5c7f9a78a018d83b817b|https://www.last.fm/music/Takeuchi+Hiroaki/_/Dear+Night+Rainbow|Dear Night Rainbow|Takeuchi Hiroaki|https://lastfm-img2.akamaized.net/i/u/34s/150a1e09ff294cbd8dc1db7a251309ca.png
581a5c7f9a78a018d83b817b|https://www.last.fm/music/EXO-K/_/%EC%A4%91%EB%8F%85+(Overdose)|중독 (Overdose)|EXO-K|https://lastfm-img2.akamaized.net/i/u/34s/5a2b119ca1434452aa2f56cb4e729931.png
581a5c7f9a78a018d83b817b|https://www.last.fm/music/Takeuchi+Hiroaki/_/Dear+Night+Rainbow|Dear Night Rainbow|Takeuchi Hiroaki|https://lastfm-img2.akamaized.net/i/u/34s/150a1e09ff294cbd8dc1db7a251309ca.png
58125fdfa350511ab435d745|https://www.last.fm/music/Backstreet+Boys/_/Shape+of+My+Heart|Shape of My Heart|Backstreet Boys|https://lastfm-img2.akamaized.net/i/u/34s/257f300760abbc3ac5c7f4bc8dabfb15.png
58125fdfa350511ab435d745|https://www.last.fm/music/Pink+Floyd/_/Coming+Back+to+Life|Coming Back to Life|Pink Floyd|https://lastfm-img2.akamaized.net/i/u/34s/f593a8f17d3d4d65a9dc13f3f54a8068.png
58125fdfa350511ab435d745|https://www.last.fm/music/One+Direction/_/What+Makes+You+Beautiful|What Makes You Beautiful|One Direction|https://lastfm-img2.akamaized.net/i/u/34s/24146b9ac6995ff90314204313d36695.png
58125fdfa350511ab435d745|https://www.last.fm/music/Linked+Horizon/_/Guren+no+Yumiya|Guren no Yumiya|Linked Horizon|https://lastfm-img2.akamaized.net/i/u/34s/a2d01ed26f57419ec1cf8501923c72d4.png
